{
    "date": "1996-03-19",
    "sample_bank": "instruments",
    "envelopes": {
		"envelope0": [
            [2, 32700],
            [1, 32700],
            [32700, 29430],
            "hang"
        ],
		"envelope1": [
            [6, 32700],
            [1, 32700],
            [32700, 29430],
            "hang"
        ],
		"envelope4": [
            [2, 32700],
            [1, 32700],
            [32700, 29430],
            "hang"
		]
    },
    "instruments": {
		"inst0": {
            "release_rate": 10,
            "envelope": "envelope0",
            "sound": "26"
        },
		  "inst1": {
            "release_rate": 208,
            "envelope": "envelope0",
            "sound": "37"
        },
		 "inst2": {
            "release_rate": 208,
            "envelope": "envelope0",
            "sound": "43_LEAD"
        },
		"inst3": {
            "release_rate": 128,
            "envelope": "envelope0",
            "sound": "36"
        },
		"inst4": {
            "release_rate": 208,
            "envelope": "envelope0",
            "sound": "29"
        },
		"inst5": {
            "release_rate": 208,
            "envelope": "envelope0",
            "sound": "1B_CORE"
        },
		"inst6": {
            "release_rate": 15,
            "normal_range_lo": 27,
            "normal_range_hi": 46,
            "envelope": "envelope1",
            "sound_lo": "23",
            "sound": "24",
            "sound_hi": "25"
        },
		"inst7": {
            "release_rate": 10,
            "envelope": "envelope0",
            "sound": "22"
        },
		"inst8": {
            "release_rate": 128,
            "envelope": "envelope0",
            "sound": "19"
        },
		"percussion": [
			{"release_rate": 80, "pan": 65, "envelope": "envelope4", "sound": {"sample": "DRUM00_BASS", "tuning": 0.9500000}},
			{"release_rate": 80, "pan": 65, "envelope": "envelope4", "sound": {"sample": "DRUM02_HIGHSNARE", "tuning": 0.6500000}},
			{"release_rate": 80, "pan": 65, "envelope": "envelope4", "sound": {"sample": "DRUM03_LOWTAP", "tuning": 1.6000000}}
			]

		

    },
    "instrument_list": [
	"inst0",
	"inst1",
	"inst2",
	"inst3",
	"inst4",
	"inst5",
	"inst6",
	"inst7",
	"inst8"
       
    ]
}
