{
    "date": "1996-03-19",
    "sample_bank": "instruments",
    "envelopes": {
		"envelope0": [
            [2, 32700],
            [1, 32700],
            [32700, 29430],
            "hang"
        ],
		"envelope4": [
            [2, 32700],
            [1, 32700],
            [32700, 29430],
            "hang"
		]
    },
    "instruments": {
		"inst0": {
            "release_rate": 53,
            "envelope": "envelope0",
            "sound": "04"
        },
		  "inst1": {
            "release_rate": 34,
            "envelope": "envelope0",
            "sound": "44"
        },
		 "inst2": {
            "release_rate": 208,
            "envelope": "envelope0",
            "sound": "05rude"
        },
		"inst3": {
            "release_rate": 128,
            "envelope": "envelope0",
            "sound": "1B"
        },
		"inst4": {
            "release_rate": 10,
            "envelope": "envelope0",
            "sound": "26"
        },
		"inst5": {
            "release_rate": 128,
            "envelope": "envelope0",
            "sound": "43_LEAD"
        },
		"inst6": {
            "release_rate": 128,
            "envelope": "envelope0",
            "sound": "DRUM05_CYMBAL"
        },
		"inst7": {
            "release_rate": 128,
            "envelope": "envelope0",
            "sound": "DRUM06_REVCYM"
        },
		"inst8": {
            "release_rate": 128,
            "envelope": "envelope0",
            "sound": "spam5"
        },
		"percussion": [
			{"release_rate": 80, "pan": 65, "envelope": "envelope4", "sound": {"sample": "DRUM00_BASS", "tuning": 0.9500000}},
			{"release_rate": 80, "pan": 65, "envelope": "envelope4", "sound": {"sample": "DRUM02_HIGHSNARE", "tuning": 0.6500000}},
			{"release_rate": 80, "pan": 65, "envelope": "envelope4", "sound": {"sample": "DRUM03_LOWTAP", "tuning": 1.6000000}},
			{"release_rate": 80, "pan": 65, "envelope": "envelope4", "sound": {"sample": "11", "tuning": 0.8500000}},
			{"release_rate": 80, "pan": 65, "envelope": "envelope4", "sound": {"sample": "0C", "tuning": 1.2000000}},
			{"release_rate": 80, "pan": 65, "envelope": "envelope4", "sound": {"sample": "0C", "tuning": 1.0000000}},
			{"release_rate": 80, "pan": 65, "envelope": "envelope4", "sound": {"sample": "0D", "tuning": 0.8500000}}
			]

		

    },
    "instrument_list": [
	"inst0",
	"inst1",
	"inst2",
	"inst3",
	"inst4",
	"inst5",
	"inst6",
	"inst7",
	"inst8"
       
    ]
}
