{
    "date": "1996-03-19",
    "sample_bank": "instruments",
	"envelopes": {	
		"envelope0": [
            [2, 32700],
            [1, 32700],
            [32700, 29430],
            "hang"
        ],
		"envelope1": [
            [6, 32700],
            [1, 32700],
            [32700, 29430],
            "hang"
        ],
		"envelope2": [
            [2, 32700],
            [205, 19818],
            [535, 0],
            "hang"
        ],
		"envelope3": [
            [6, 32700],
            [298, 32700],
            [32700, 29430],
            "hang"
        ],
		"envelope4": [
            [2, 32700],
            [1, 32700],
            [32700, 29430],
            "hang"
        ],
		"envelope5": [
            [6, 32700],
            [298, 0],
            [1, 0],
            "hang"
		]
	},	
	"instruments": {
		"inst0": {
            "release_rate": 19,
            "envelope": "envelope0",
            "sound": "BIG_12_ORG"
        },
		"inst1": {
            "release_rate": 15,
            "envelope": "envelope0",
            "sound": "15"
        },
		"inst2": {
            "release_rate": 208,
            "envelope": "envelope0",
            "sound": "35"
        },
		"inst3": {
            "release_rate": 70,
            "envelope": "envelope0",
            "sound": "29_CHORDED"
        },
		 "inst4": {
            "release_rate": 208,
            "envelope": "envelope0",
            "sound": "19"
        },
		"inst5": {
            "release_rate": 208,
            "envelope": "envelope0",
            "sound": "1B"
        },
		"inst6": {
            "release_rate": 10,
            "envelope": "envelope0",
            "sound": "22"
        },
		"inst7": {
            "release_rate": 64,
            "envelope": "envelope0",
            "sound": "43_LEAD"
        },
		 "inst8": {
            "release_rate": 208,
            "envelope": "envelope0",
            "sound": "05square"
        },
		 "inst9": {
            "release_rate": 119,
            "envelope": "envelope0",
            "sound": "2D_ELEC"
        },
		"inst10": {
            "release_rate": 40,
            "envelope": "envelope3",
            "sound": "3A"
        },
		 "inst11": {
            "release_rate": 254,
            "envelope": "envelope0",
            "sound": "BIG_00_GONG"
        },
		 "inst12": {
            "release_rate": 254,
            "envelope": "envelope0",
            "sound": "spam0"
        },
		 "inst13": {
            "release_rate": 254,
            "envelope": "envelope0",
            "sound": "BIG_01_ITHINK"
        },
		 "inst14": {
            "release_rate": 254,
            "envelope": "envelope0",
            "sound": "BIG_02_PULLSTRING"
        },
		 "inst15": {
            "release_rate": 254,
            "envelope": "envelope0",
            "sound": "BIG_03_TELLYOU"
        },
		 "inst16": {
            "release_rate": 254,
            "envelope": "envelope0",
            "sound": "BIG_04_PHONEOH"
        },
		 "inst17": {
            "release_rate": 254,
            "envelope": "envelope0",
            "sound": "BIG_05_KOOPA"
        },
		 "inst18": {
            "release_rate": 254,
            "envelope": "envelope0",
            "sound": "BIG_06_NOW"
        },
		 "inst19": {
            "release_rate": 254,
            "envelope": "envelope0",
            "sound": "BIG_07_YOUR"
        },
		 "inst20": {
            "release_rate": 254,
            "envelope": "envelope0",
            "sound": "BIG_08_CHANCE"
        },
		 "inst21": {
            "release_rate": 254,
            "envelope": "envelope0",
            "sound": "BIG_09_TO"
        },
		 "inst22": {
            "release_rate": 254,
            "envelope": "envelope0",
            "sound": "BIG_0A_BEA"
        },
		 "inst23": {
            "release_rate": 254,
            "envelope": "envelope0",
            "sound": "BIG_0B_BIG"
        },
		 "inst24": {
            "release_rate": 254,
            "envelope": "envelope0",
            "sound": "BIG_0C_SHOT"
        },
		 "inst25": {
            "release_rate": 254,
            "envelope": "envelope0",
            "sound": "BIG_0D_SPAMOH"
        },
		 "inst26": {
            "release_rate": 254,
            "envelope": "envelope0",
            "sound": "BIG_0E_ANCEYOUR"
        },
		 "inst27": {
            "release_rate": 254,
            "envelope": "envelope0",
            "sound": "spam5"
        },
		 "inst28": {
            "release_rate": 254,
            "envelope": "envelope0",
            "sound": "BIG_0F_SHH"
        },
		 "inst29": {
            "release_rate": 254,
            "envelope": "envelope0",
            "sound": "BIG_10_PICKUP"
        },
		 "inst30": {
            "release_rate": 254,
            "envelope": "envelope0",
            "sound": "BIG_11_NEO"
		 },
		 "inst31": {
            "release_rate": 15,
            "envelope": "envelope0",
            "sound": "BIG_13_VLN"
        },
		"inst32": {
            "release_rate": 119,
            "envelope": "envelope0",
            "sound": "1B_SAW"
        },
		"inst33": {
            "release_rate": 10,
            "envelope": "envelope5",
            "sound": "26"
        },
		
		"percussion": [
            {"release_rate": 10, "pan": 62, "envelope": "envelope4", "sound": {"sample": "MK64_KICK", "tuning": 0.410224}},
            {"release_rate": 10, "pan": 62, "envelope": "envelope4", "sound": {"sample": "MK64_KICK", "tuning": 0.4227245}},
            {"release_rate": 10, "pan": 62, "envelope": "envelope4", "sound": {"sample": "MK64_KICK", "tuning": 0.4359685}},
            {"release_rate": 10, "pan": 62, "envelope": "envelope4", "sound": {"sample": "MK64_KICK", "tuning": 0.25}},
            {"release_rate": 10, "pan": 62, "envelope": "envelope4", "sound": {"sample": "MK64_KICK", "tuning": 0.264866}},
            {"release_rate": 10, "pan": 62, "envelope": "envelope4", "sound": {"sample": "MK64_KICK", "tuning": 0.2806155}},
            {"release_rate": 10, "pan": 62, "envelope": "envelope4", "sound": {"sample": "MK64_KICK", "tuning": 0.297302}},
            {"release_rate": 10, "pan": 62, "envelope": "envelope4", "sound": {"sample": "MK64_KICK", "tuning": 0.3149805}},
            {"release_rate": 10, "pan": 62, "envelope": "envelope4", "sound": {"sample": "MK64_KICK", "tuning": 0.33371}},
            {"release_rate": 10, "pan": 62, "envelope": "envelope4", "sound": {"sample": "MK64_KICK", "tuning": 0.3535535}},
            {"release_rate": 10, "pan": 62, "envelope": "envelope4", "sound": {"sample": "MK64_KICK", "tuning": 0.374577}},
            {"release_rate": 10, "pan": 62, "envelope": "envelope4", "sound": {"sample": "MK64_KICK", "tuning": 0.3968505}},
            {"release_rate": 10, "pan": 62, "envelope": "envelope4", "sound": {"sample": "MK64_KICK", "tuning": 0.4204485}},
            {"release_rate": 10, "pan": 62, "envelope": "envelope4", "sound": {"sample": "MK64_KICK", "tuning": 0.4454495}},
            {"release_rate": 10, "pan": 62, "envelope": "envelope4", "sound": {"sample": "MK64_KICK", "tuning": 0.4719375}},
            {"release_rate": 10, "pan": 62, "envelope": "envelope4", "sound": {"sample": "MK64_KICK", "tuning": 0.5}},
            {"release_rate": 10, "pan": 57, "envelope": "envelope4", "sound": "07"},
            {"release_rate": 80, "pan": 65, "envelope": "envelope4", "sound": {"sample": "DRUM00_BASS", "tuning": 0.8500000}},
			{"release_rate": 80, "pan": 65, "envelope": "envelope4", "sound": {"sample": "DRUM00_BASS", "tuning": 0.8500000}},
			{"release_rate": 80, "pan": 65, "envelope": "envelope4", "sound": {"sample": "DRUM01_LOWSNARE", "tuning": 0.8500000}},
			{"release_rate": 80, "pan": 65, "envelope": "envelope4", "sound": {"sample": "DRUM02_HIGHSNARE", "tuning": 0.8500000}},
			{"release_rate": 80, "pan": 65, "envelope": "envelope4", "sound": {"sample": "DRUM02_HIGHSNARE", "tuning": 0.8500000}},
			{"release_rate": 80, "pan": 65, "envelope": "envelope4", "sound": {"sample": "DRUM03_LOWTAP", "tuning": 0.8500000}},
			{"release_rate": 80, "pan": 65, "envelope": "envelope4", "sound": {"sample": "DRUM03_LOWTAP", "tuning": 0.8500000}},
			{"release_rate": 80, "pan": 65, "envelope": "envelope4", "sound": {"sample": "DRUM04_HIGHTAP", "tuning": 0.8500000}},
			{"release_rate": 80, "pan": 65, "envelope": "envelope4", "sound": {"sample": "DRUM04_HIGHTAP", "tuning": 0.8500000}},
			{"release_rate": 80, "pan": 65, "envelope": "envelope4", "sound": {"sample": "DRUM05_CYMBAL", "tuning": 0.8500000}},
			{"release_rate": 80, "pan": 65, "envelope": "envelope4", "sound": {"sample": "DRUM06_REVCYM", "tuning": 0.8500000}}
        ]		
    },
	"instrument_list": [
		"inst0",
		"inst1",
		"inst2",
		"inst3",
		"inst4",
		"inst5",
		"inst6",
		"inst7",
		"inst8",
		"inst9",
		"inst10",
		"inst11",
		"inst12",
		"inst13",
		"inst14",
		"inst15",
		"inst16",
		"inst17",
		"inst18",
		"inst19",
		"inst20",
		"inst21",
		"inst22",
		"inst23",
		"inst24",
		"inst25",
		"inst26",
		"inst27",
		"inst28",
		"inst29",
		"inst30",
		"inst31",
		"inst32",
		"inst33",
		null
	]
}